s,T,F1,Protos_Entrenados,Ancho_Banda
1,0.0,0.5314,0.0,0.0
1,0.1,0.578916,8040.784000000001,51018.362232
1,1.0,0.591496,7243.8640000000005,278031.90235600004
4,0.0,0.5314,0.0,0.0
4,0.1,0.5883400000000001,8699.431999999999,139633.820734
4,1.0,0.596212,8049.592,577653.48308
